{"cameraMode":{"drawMode":0,"name":"Shaded","section":"Shading Mode"},"sceneLighting":true,"audioPlay":false,"sceneViewState":{"showFog":true,"showMaterialUpdate":false,"showSkybox":true,"showFlares":true,"showImageEffects":true,"showParticleSystems":true},"in2DMode":false,"pivot":{"x":0.08119817078113556,"y":-0.2857816219329834,"z":0.9344480037689209},"rotation":{"x":0.10206751525402069,"y":0.03760624676942825,"z":-0.003861068282276392,"w":0.9941484928131104},"size":1.2672791481018067,"orthographic":false}