{"cameraMode":{"drawMode":0,"name":"Shaded","section":"Shading Mode"},"sceneLighting":false,"audioPlay":false,"sceneViewState":{"showFog":true,"showMaterialUpdate":false,"showSkybox":true,"showFlares":true,"showImageEffects":true,"showParticleSystems":true},"in2DMode":false,"pivot":{"x":0.0,"y":-0.42837566137313845,"z":1.6297999620437623},"rotation":{"x":-0.07372155040502548,"y":0.026017926633358,"z":-0.002016770886257291,"w":-0.9970186352729797},"size":5.002966403961182,"orthographic":false}